gene,chr,start,end
MAGOH,1,53226900,53238518
ST6GALNAC5,1,76867480,77067546
OLFML3,1,113979391,114035572
SZT2,1,43389882,43454247
GPR88,1,100538139,100542021
RNPC3,1,103525691,103555239
LAMC1,1,183023420,183145592
TPR,1,186311652,186375693
SCCPDH,1,246724409,246768137
SMYD2,1,214281102,214337131
IVNS1ABP,1,185296388,185317273
SWT1,1,185157080,185291781
EGLN1,1,231363751,231422287
LRRN2,1,204617170,204685738
PFKFB2,1,207034366,207081024
ZNF281,1,200404940,200410056
MTX1P1,1,155230975,155234325
UBQLN4,1,156035299,156053798
F13B,1,197038741,197067260
ADAMTS4,1,161184302,161199054
FCER1G,1,161215234,161220699
PCP4L1,1,161258745,161285450
YBX1,1,42682418,42703805
NIPAL3,1,24415802,24472976
RN7SL464P,1,220571739,220572035
USF1,1,161039251,161045977
KLHDC9,1,161098361,161100346
NDUFS2,1,161197104,161214723
CYB561D1,1,109494052,109502932
MRPL37,1,54184041,54225464
CRB1,1,197268204,197478455
SH2D2A,1,156806243,156816848
KIF21B,1,200969390,201023714
NFASC,1,204828651,205022822
OR6R1P,1,247833349,247834288
CNIH3-AS1,1,224717504,224730662
OR6P1,1,158560606,158570580
SVBP,1,42807052,42817397
FMO2,1,171185249,171212686
PFN1P1,1,171670517,171670939
PNRC2,1,23956839,23963462
SRSF10,1,23964347,23980927
TRIM46,1,155173787,155184971
HMGCL,1,23801885,23838620
FUCA1,1,23845077,23868290
SHISA4,1,201888680,201892587
IARS2,1,220094132,220148041
RAB3GAP2,1,220148293,220272529
TMEM183A,1,203007374,203024848
EMC1,1,19215660,19251552
ATP1B1,1,169105697,169310992
RGS8,1,182641816,182684587
YOD1,1,207043849,207052980
INAVA,1,200891048,200915742
CCDC30,1,42463221,42657190
RASAL2,1,178094104,178484147
ENAH,1,225486765,225653142
GNG5,1,84498323,84506581
TMEM275,1,46532166,46543969
ANP32E,1,150218417,150236156
KLHDC8A,1,205336061,205357090
CD55,1,207321519,207386804
CR2,1,207453024,207489895
CR1,1,207496147,207641765
FCRLB,1,161721544,161728143
KIRREL1,1,157993273,158100262
CLIC4,1,24745382,24844321
ATP2B4,1,203626832,203744081
SLC5A9,1,48222685,48248644
HNRNPA1P43,1,115856910,115857819
TNR,1,175315194,175743595
PROX1-AS1,1,213817751,213988508
FBXO28,1,224114111,224162047
DISC1,1,231626790,232041272
GNAI3,1,109548615,109600195
ASAP3,1,23428563,23484637
SLC44A3-AS1,1,94672918,94674161
ASAP2,2,9206765,9405683
HADHA,2,26190635,26244672
HADHB,2,26243170,26290465
TMSB10,2,84905656,84906671
LAPTM4A,2,20032650,20051628
DDX18,2,117814691,117832377
NCK2,2,105744912,105894274
FHL2,2,105357712,105438513
SNRNP200,2,96274338,96321271
TMEM163,2,134455759,134719000
PPIAP67,2,176338637,176339077
KIAA2012,2,202073255,202205188
CD302,2,159768628,159798255
INPP5D,2,233059967,233207903
MARCHF7,2,159712457,159771027
COL5A2,2,189031898,189225312
ATG4B,2,241637213,241673857
CEBPZOS,2,37196488,37216193
CEBPZ,2,37201612,37231596
NDUFAF7,2,37231631,37253403
PRKD3,2,37250502,37324833
QPCT,2,37342827,37373322
NRBF2P6,2,232343116,232343903
GLI2,2,120735623,120992653
BBS5,2,169479480,169506655
SPEG,2,219434843,219493629
OBSL1,2,219550728,219571859
SLC4A3,2,219627394,219641980
NGEF,2,232878701,233013256
C2orf15,2,99141707,99151669
ACTG2,2,73892314,73919865
GFPT1,2,69319780,69387250
CARF,2,202912214,202988263
ANKAR,2,189674290,189761193
GMPPA,2,219498865,219513898
NBEAL1,2,203014608,203226378
NEB,2,151485336,151734487
WDR12,2,202874261,203014798
FAM117B,2,202634969,202769757
SUPT7L,2,27650809,27663840
BAZ2B,2,159318979,159616569
CCT7,2,73233420,73253021
MYO7B,2,127535683,127637729
ACMSD,2,134838616,134902034
PNKD,2,218269651,218346793
NOL10,2,10562347,10689987
FAM161A,2,61824848,61854143
ICA1L,2,202773150,202871766
REL,2,60881491,60931612
ITGB1BP1,2,9403475,9423528
IAH1,2,9473658,9496543
ADAM17,2,9488486,9556732
BIN1,2,127048027,127107288
CCNT2,2,134918235,134959342
SGO2,2,200510008,200584096
LINC01792,2,200711535,200735203
AAK1,2,69457997,69674349
APOB,2,21001429,21044073
DOCK3,3,50674927,51384198
SEMA3F,3,50155045,50189075
SLC49A4,3,122795069,122881139
GPR149,3,154334943,154430190
EIF2B5,3,184135038,184146127
YEATS2,3,183697797,183812624
BDH1,3,197509783,197573323
GYG1,3,148991408,149031775
RABL3,3,120684938,120742993
ATXN7,3,63863155,64003462
ALG3,3,184242301,184249548
EEF1AKMT4-ECE2,3,184249695,184293031
PSMD2,3,184299198,184309050
EIF4G1,3,184314495,184335358
WDR48,3,39052013,39096671
ARL8B,3,5122249,5180911
CCDC66,3,56557161,56621837
VPS8,3,184812143,185052614
SERPINI1,3,167735243,167825569
ECE2,3,184276011,184293031
ISY1-RAB43,3,129087575,129161036
FLNB,3,58008398,58172251
FOXP1,3,70954693,71583978
VWA5B2,3,184229585,184242329
ABCF3,3,184186095,184194012
LRRIQ4,3,169812870,169837773
PFN2,3,149964904,150050788
RFT1,3,53088483,53130453
XIRP1,3,39183210,39192596
DPH3,3,16257061,16264969
EPHA6,3,96814581,97761532
STT3B,3,31532638,31637616
TRH,3,129974688,129977935
TTC14,3,180602163,180617828
LZTFL1,3,45823316,45916042
APOD,3,195568705,195584033
SATB1-AS1,3,18445024,18923280
SKIL,3,170357342,170396835
PSMD12P1,3,72876737,72878102
TAGLN3,3,111998739,112013887
TAPT1-AS1,4,16226685,16320140
CXCL6,4,73836640,73849064
SEC24B,4,109433772,109540896
PPP3CA,4,101023409,101348278
GABRA4,4,46918900,46993581
ING2,4,183505058,183512429
STOX2,4,183797692,184023526
NFXL1,4,47847233,47914667
ANXA5,4,121667946,121696995
KLB,4,39406930,39451533
TET2,4,105145875,105279816
HERC5,4,88457119,88506163
MRPS18C,4,83455932,83469735
RRH,4,109827972,109849123
SMAD1,4,145481194,145559176
KIT,4,54657267,54740783
ZCCHC4,4,25312774,25370383
HGFAC,4,3441968,3449486
SCARB2,4,76158737,76234536
ATP5ME,4,672436,674330
MYL5,4,673580,682028
SHISA3,4,42397488,42402487
EGF,4,109912883,110013766
DGKQ,4,958887,986895
SLC26A1,4,979073,993440
IDUA,4,986997,1004564
FGFRL1,4,1009936,1026898
RHOH,4,40191011,40246967
GYPA,4,144109303,144140751
SCFD2,4,52872982,53366066
SLC10A4,4,48483343,48489526
LARP1B,4,128061286,128222931
UBE2K,4,39698109,39782792
TBC1D14,4,6909242,7033118
BMPR1B,4,94757955,95158448
ABCA11P,4,425773,427882
ZFR,5,32354350,32444740
CDH10,5,24487100,24644978
PPWD1,5,65563236,65587549
NPR3,5,32689070,32791724
NIPBL,5,36876769,37066413
CKMT2,5,81233320,81266398
COX7C,5,86617928,86620962
PHAX,5,126600925,126627252
ACTBP4,5,131659046,131660115
CCDC112,5,115267190,115296693
RASA1,5,87267883,87391931
NDST1-AS1,5,150475531,150485968
RASGEF1C,5,180100795,180209211
EXOC3,5,443175,471937
SMIM15,5,61157704,61162468
DND1,5,140670794,140673576
CYSTM1,5,140175156,140282052
FOXD1,5,73444827,73448777
CAMLG,5,134738495,134752157
SKP2,5,36151989,36196849
MAPK9,5,180233143,180292099
PCDH1,5,141853090,141879246
DOK3,5,177501904,177511274
RPS23,5,82273320,82278396
ZNF608,5,124636913,124748807
SRA1,5,140537340,140557677
WDR55,5,140664868,140674124
UQCRQ,5,132866630,132868847
PCDHB4,5,141121818,141125623
PCDHB9,5,141187127,141191541
PCDHB10,5,141192353,141195647
TAF7,5,141259884,141320784
CREBRF,5,173056352,173139284
GFM2,5,74721206,74767147
FAM170A,5,119629558,119635822
F12,5,177402133,177416583
CDKL3,5,134286350,134371047
TIMD4,5,156919292,156963226
UIMC1,5,176905005,177022633
OTULIN,5,14664664,14699850
HAVCR2,5,157085422,157142869
TNIP1,5,151029945,151093577
CYFIP2,5,157266079,157395595
HAVCR1,5,157026742,157069396
POU5F2,5,93733220,93741600
ZDHHC11B,5,710355,784729
EBF1,5,158695920,159099916
SLC36A1,5,151437046,151492379
FAM153A,5,177707981,177784435
CCNH,5,87318416,87413029
TMEM170B,6,11537749,11583524
UNC5CL,6,41026895,41039221
CD109,6,73695785,73828316
SRSF3,6,36594353,36605600
STX7,6,132445867,132513198
MTFR2,6,136231024,136250335
TREM2,6,41158506,41163186
EYS,6,63719980,65707226
TAAR6,6,132570322,132571359
LMBRD1,6,69672757,69867236
MARCKS,6,113857345,113863475
OARD1,6,41033627,41097787
TREML2,6,41189749,41201149
RPL17P25,6,80374015,80374569
PPIL4,6,149504495,149546043
AIG1,6,143060496,143341058
TMEM14C,6,10722915,10731129
WTAP,6,159725585,159756319
TFB1M,6,155256134,155314493
LYRM4,6,5103629,5260950
IGF2R,6,159969082,160113507
FBXO9,6,53051991,53100873
MAPK13,6,36127809,36144524
TUBB2A,6,3153497,3157544
NQO2,6,2987987,3019755
FAM162B,6,116752197,116765719
ZKSCAN8,6,28141883,28159460
CCND3,6,41934934,42050357
HS3ST5,6,114055596,114343023
NFYA,6,41072974,41102403
GTF2H5,6,158168350,158199344
HLA-DRB5,6,32517353,32530287
RREB1,6,7107597,7251980
TREML1,6,41149337,41154347
HDAC2-AS2,6,113969701,114471705
SNX3,6,108211222,108261246
LYRM2,6,89568144,89638749
MROCKI,6,113868013,113873390
RPL21P67,6,131469059,131469536
SYCP2L,6,10886831,10979320
CD2AP,6,47477789,47627263
RNF217,6,124962437,125092633
GAPDHP72,6,166064291,166065300
INTS1,7,1470277,1504389
SUN1,7,816615,896435
RPA3,7,7636518,7718607
NXPH1,7,8433609,8752961
PAPOLB,7,4857738,4862030
MICALL2,7,1428465,1459470
ZPBP,7,49850421,50121329
ELAPOR2,7,86876906,87059654
BAIAP2L1,7,98291650,98401090
HIBADH,7,27525442,27662883
TAS2R3,7,141764097,141765197
SLC37A3,7,140293693,140404433
COPG2,7,130506238,130668748
GPR37,7,124743885,124765792
CNPY4,7,100119634,100125508
GPC2,7,100169606,100177381
CCM2,7,44999475,45076469
MRPS33,7,141002610,141015228
ACTL6B,7,100643097,100656448
TRIP6,7,100867387,100873454
TSPAN33,7,129144707,129169699
COG5,7,107201372,107564261
PRKRIP1,7,102363872,102426676
FAM131B,7,143353400,143362770
ZYX,7,143381295,143391111
EPHA1,7,143390289,143408856
TAS2R60,7,143443453,143444409
LMBR1,7,156668946,156893216
TAX1BP1,7,27739331,27844564
ZNF775,7,150368790,150398630
ZSCAN21,7,100049774,100065040
SDK1,7,3301252,4269000
ZNF117,7,64971772,65006684
TMEM178B,7,141074064,141480380
PILRB,7,100352176,100367831
TAF6,7,100106876,100119841
STEAP2,7,90167590,90238137
ZNF777,7,149431363,149461062
MAFK,7,1530702,1543043
TMEM184A,7,1542235,1560821
GRID2IP,7,6496778,6551461
JAZF1,7,27830573,28180795
TRGV1,7,38367586,38368169
EGFR,7,55019017,55211628
PILRA,7,100367530,100400096
PVRIG,7,100218241,100221490
TMEM106B,7,12211270,12243367
NRF1,7,129611720,129757082
STAG3L5P,7,100338197,100338886
RP9P,7,32916815,32943038
STAG3,7,100177563,100214387
CYTH3,7,6161779,6272644
AZGP1,7,99966720,99976042
ZKSCAN1,7,100015572,100041689
AP4M1,7,100100898,100110345
POP1,8,98117293,98159835
TMEM64,8,90621995,90791632
UQCRB,8,96222947,96235546
MRPL13,8,120380761,120445402
PTK2B,8,27311482,27459391
FLJ42969,8,101034868,101076407
FAM91A1,8,123768439,123815452
CPQ,8,96645242,97149654
SHARPIN,8,144098633,144108124
INTS8,8,94813311,94881746
TP53INP1,8,94925972,94949378
ANKRD46,8,100509752,100559784
SNX31,8,100572889,100663415
PABPC1,8,100685816,100722809
GSDMD,8,143553207,143563062
NAPRT,8,143574785,143578649
KLF10,8,102648784,102655725
EXT1,8,117794490,118111826
FAM87A,8,375931,384079
FAM110B,8,57994523,58204279
EIF3H,8,116642130,116766925
PLEC,8,143915153,143976734
UBE2W,8,73780097,73878910
LINC00534,8,90221341,90687863
FAM66D,8,12115767,12177550
MICU3,8,17027238,17122642
GTF2E2,8,30578318,30658236
CHRNA2,8,27459756,27479883
EPHX2,8,27490781,27545564
CLU,8,27596917,27614700
SCARA3,8,27633868,27676776
ZNF395,8,28345590,28402701
VXN,8,66492326,66518524
NDUFAF6,8,94895533,95116455
THAP1,8,42836674,42843325
LY6E,8,143017982,143023832
GPIHBP1,8,143213218,143217170
MRPL15,8,54135241,54148514
LZTS1,8,20246165,20303963
AP3M2,8,42152946,42171673
CTSB,8,11842524,11869533
GRIN3A,9,101569352,101738647
PTPN3,9,109375466,109498313
TRUB2,9,128305159,128322447
SCAI,9,124942608,125143528
CDK20,9,87966441,87974753
OLFM1,9,135075422,135121180
FRMPD1,9,37650954,37746904
ZNF782,9,96816269,96875623
LDHAP4,9,14921337,14922334
ABCA1,9,104781006,104928155
SLC2A6,9,133471094,133479127
HSPA5,9,125234853,125241382
GTF3C4,9,132670035,132694953
SLC25A25,9,128068201,128109245
NCS1,9,130172404,130237303
FAM219A,9,34398184,34458570
CERCAM,9,128411751,128437351
AJM1,9,136842478,136848801
ZNF618,9,113876282,114056593
PTPA,9,129110950,129148946
RGS3,9,113444731,113597743
STXBP1,9,127579370,127696027
CLCN3P1,9,15034161,15048061
GRIN1,9,137138346,137168756
HABP4,9,96450169,96491336
BBOX1-AS1,11,27047186,27220113
EEF1G,11,62559596,62574086
SORL1,11,121452314,121633763
EI24,11,125569280,125584684
EHD1,11,64851642,64888296
NPAT,11,108157215,108222638
MAPK8IP1,11,45885651,45906465
FIBP,11,65883740,65888531
ACAT1,11,108116695,108147603
OR7E126P,11,71903194,71904081
CPT1A,11,68754620,68844410
KLC2,11,66257294,66267860
CCDC81,11,86374736,86423109
SLC39A13,11,47407132,47416496
NDUFS3,11,47565336,47584562
PTPMT1,11,47565430,47573461
KBTBD4,11,47572197,47578976
FAM180B,11,47586678,47589194
C1QTNF4,11,47589667,47594411
FNBP4,11,47716494,47767443
CTSF,11,66563464,66568879
RTN4RL2,11,57460528,57477534
TMX2,11,57712593,57740973
CABP4,11,67452406,67461752
MS4A4A,11,60185657,60318080
KAT5,11,65711996,65719604
RNASEH2C,11,65714005,65720818
CFL1,11,65823022,65862026
SNX32,11,65833834,65856896
CTSW,11,65879809,65883741
MPPED2,11,30384493,30586872
TMEM109,11,60914158,60923443
LINC00958,11,12961541,12989597
PSMC3,11,47418769,47426473
ABCG4,11,119149052,119162653
CDKN1C,11,2883213,2885775
FAM111A,11,59142748,59155039
MS4A6A,11,60172015,60184666
HTR3A,11,113975075,113990313
AMBRA1,11,46396414,46594125
GRM5,11,88504576,89065982
RPS13,11,17074388,17077715
MS4A4E,11,60200270,60243137
LDHAL6A,11,18455824,18479601
MYBPC3,11,47331406,47352702
ACAD8,11,134253548,134265855
CELF1,11,47465933,47565569
SYTL2,11,85694224,85811159
NUP160,11,47778087,47848555
DGKZ,11,46332905,46380554
CAPN1,11,65180566,65212006
PTPRJ,11,47980425,48170839
ACP2,11,47239302,47248906
NR1H3,11,47248300,47269033
BLID,11,122115340,122116215
FAM86C2P,11,67793196,67805313
LDHC,11,18412318,18452063
MADD,11,47269161,47330031
ARHGAP1,11,46677080,46700619
PICALM,11,85957175,86069882
EED,11,86201212,86278813
PRSS23,11,86791059,86952910
MARK2,11,63838928,63911020
MTCH2,11,47617315,47642607
FTH1,11,61959718,61967634
MALAT1,11,65497640,65508073
SPI1,11,47354860,47409369
CUBN,10,16823966,17129811
ANXA11,10,80150889,80205572
TFAM,10,58385345,58399220
DYDC2,10,80344745,80368073
MAT1A,10,80271820,80289658
FAM53B,10,124619292,124744378
HTRA1,10,122458551,122514907
BUB3,10,123154402,123170467
PSD,10,102402617,102421539
MASTL,10,27154824,27187953
CEP55,10,93496612,93529092
SLC35G1,10,93893973,93956062
IL9RP2,10,80394,86265
TMEM236,10,17752201,17800868
KAZALD1,10,101061989,101068131
NCOA4,10,46005088,46030623
KCNIP2,10,101825974,101843920
ZNF37A,10,38094334,38150293
PSAP,10,71816298,71851251
WASHC2C,10,45727200,45792964
YME1L1,10,27110111,27155266
USP6NL,10,11460510,11611666
SVIL,10,29457338,29736959
ADRA2A,10,111077029,111080907
CCDC186,10,114120862,114174232
PLEKHA1,10,122374696,122432354
LARP4B,10,806933,931821
BLNK,10,96189171,96271587
TSPAN14,10,80454265,80533124
CCDC6,10,59788747,59906556
IPMK,10,58191517,58267894
CISD1,10,58269162,58289586
ANK3,10,60026298,60733490
CAMK2G,10,73812501,73874591
SORBS1,10,95311771,95561414
PTPRE,10,127907103,128085855
RSU1,10,16590611,16817463
EDRF1,10,125719515,125764143
SHMT2,12,57229573,57234935
MED21,12,27022546,27066343
PPM1H,12,62643994,62935150
GALNT6,12,51351247,51392867
SLC4A8,12,51391317,51515763
POLR3B,12,106357748,106510198
IFITM3P5,12,111581379,111581773
USP30,12,109023089,109088023
M6PR,12,8940361,8949761
ARHGAP9,12,57472264,57488814
A2M,12,9067664,9116229
C1R,12,7080214,7092540
DCN,12,91140484,91183217
CCND2,12,4269771,4305353
TAC3,12,57010000,57028883
GTF2H3,12,123633739,123662604
PTHLH,12,27958084,27972733
TPCN1,12,113221050,113298585
CBX5,12,54230942,54280133
MLF2,12,6747996,6767475
SCARB1,12,124776856,124882668
MIR6763,12,132581997,132582061
LRRK2,12,40196744,40369285
PLBD2,12,113358566,113391629
SLC8B1,12,113298759,113359493
SMARCC2,12,56162359,56189567
RNF41,12,56202179,56221933
ADCY6,12,48766194,48789089
AACS,12,125065434,125143333
DNAJC14,12,55820960,55830824
PITPNM2,12,122983480,123151090
ATF7-NPFF,12,53506691,53625979
RITA1,12,113185526,113192368
IQCD,12,113195441,113221094
KRT4,12,52806549,52814116
SPPL3,12,120762510,120904358
PTPN11,12,112418351,112509918
UBC,12,124911604,124917368
GIT2,12,109929804,109996389
PXN,12,120210439,120265771
WNT5B,12,1529891,1647212
RASAL1,12,113098819,113136239
IRAK4,12,43758944,43798307
FMNL3,12,49636499,49708165
C1S,12,6988259,7071032
OGFOD2,12,122974580,122980043
EMG1,12,6970913,6979936
DDX51,12,132136594,132144319
BICD1,12,32106835,32383633
CNTN1,12,40692439,41072415
CERS5,12,50129289,50167533
MAPKAPK5,12,111842013,111902222
CYP27B1,12,57762334,57768986
FNDC3A,13,48975912,49209779
FREM2-AS1,13,38821798,38827570
LINC00381,13,74419158,74444735
DIS3,13,72752169,72782096
COG6,13,39655627,39791665
PCDH9,13,66302834,67230445
RPL18P10,13,50099331,50099868
FRY-AS1,13,32025314,32031639
MRPL57,13,21176658,21179084
ALG5,13,36949738,37000763
DGKZP1,13,43968424,43971199
CPB2-AS1,13,46052497,46161379
CDC16,13,114234887,114272723
FGF14-AS2,13,102394612,102395707
AMER2,13,25161679,25172288
MRPS31,13,40729128,40771190
NOVA1,14,26443090,26598033
SNX6,14,34561093,34630160
KCNH5,14,62699464,63102037
TECPR2,14,102362941,102502477
RIN3,14,92513781,92688994
FDPSP3,14,54884849,54886213
INF2,14,104681146,104722535
SLC24A4,14,92322581,92501481
LINC00216,14,58288033,58289158
DYNLL1P1,14,81246295,81246563
DGLUCY,14,91060333,91225632
PNN,14,39175183,39183220
NUDT14,14,105172938,105181323
IGHV6-1,14,105939756,105940253
WDR25,14,100376418,100530303
ASB2,14,93934166,93976739
PACS2,14,105300563,105398147
SYNE2,14,63761899,64226433
MBIP,14,36298564,36320637
ALDH6A1,14,74056847,74084492
ARF6,14,49893079,49897054
ERH,14,69380128,69398299
TMEM229B,14,67447084,67533739
RNF212B,14,23185316,23273477
RCOR1,14,102592649,102730561
NPAS3,14,32934396,33820863
FERMT2,14,52857268,52952435
DDHD1,14,53036745,53153323
TMEM121,14,105526583,105530198
FMN1,15,32765544,33194714
APH1B,15,63276018,63309126
ATP8B4,15,49858238,50182817
ABHD17C,15,80679684,80755621
MORF4L1,15,78810487,78898139
ADAM10,15,58588809,58749791
MINDY2,15,58771192,58861900
RPL5P3,15,71063101,71063989
USP8,15,50424380,50514421
TRPM7,15,50552473,50686797
FAM227B,15,49326962,49620929
DTWD1,15,49621037,49656232
SNX1,15,64094123,64146090
PCLAF,15,64364304,64387687
RNF111,15,58865175,59097419
BCL2A1,15,79960892,79971196
SPG21,15,64963022,64990310
RNU5A-1,15,65296051,65296166
PAQR5,15,69298912,69407780
RASGRF1,15,78959906,79090780
CTSH,15,78921058,78949574
OAZ2,15,64687573,64703281
RPS27L,15,63125872,63158021
SPPL2A,15,50702266,50765948
WDR73,15,84639285,84654343
DRAIC,15,69462921,69843120
TPM1,15,63042620,63071915
RBM17P4,15,35298249,35299440
GLDN,15,51341655,51408005
MYO9A,15,71822291,72118577
SCNN1B,16,23278231,23381294
SCNN1G,16,23182745,23216883
NETO2,16,47077703,47143945
MAF,16,79585843,79600737
TANGO6,16,68843531,69085182
HSD3B7,16,30985207,30989147
STX4,16,31032889,31042975
ZNF668,16,31060843,31074240
ZNF646,16,31074422,31084196
VKORC1,16,31090842,31095980
BCKDK,16,31106107,31112791
KAT8,16,31114489,31131393
PRSS8,16,31131433,31135727
PRSS36,16,31138926,31150083
PYCARD,16,31201486,31203450
TAOK2,16,29973868,29992261
HIRIP3,16,29992330,29996074
INO80E,16,29995715,30005793
DOC2A,16,30005514,30023270
PPP4C,16,30075978,30085376
YPEL3,16,30092314,30096915
GDPD3,16,30104810,30113537
MAPK3,16,30114105,30123506
MRTFB,16,14071319,14266773
BCO1,16,81238689,81291142
PDPR,16,70114332,70162537
EXOSC6,16,70246778,70251940
ST3GAL2,16,70375977,70439237
OGFOD1,16,56451521,56479104
PLA2G15,16,68245304,68261058
DNAAF1,16,84145287,84178767
ITGAM,16,31259967,31332892
ASPHD1,16,29900375,29919864
NUBP2,16,1782932,1789186
IGFALS,16,1790413,1794971
VAC14,16,70687439,70801160
COG7,16,23388493,23453189
GGA2,16,23463542,23521995
EARS2,16,23520754,23557731
UBFD1,16,23557721,23574389
DCTN5,16,23641466,23677472
PLK1,16,23677656,23690367
CPNE7,16,89575758,89597246
CDK10,16,89680737,89696354
LINC02166,16,89682620,89686569
USP10,16,84699986,84779922
RPL13,16,89560677,89564542
LINC02168,16,50806668,50807629
AKTIP,16,53491040,53504411
DBNDD1,16,90004871,90019890
E2F4,16,67192155,67198918
ZNF48,16,30378106,30400108
SEPHS2,16,30443631,30445874
ZNF785,16,30573740,30585769
ZNF689,16,30602558,30624012
ZNF423,16,49487524,49857919
BMERB1,16,15434475,15625028
BCL7C,16,30833626,30894302
RNF40,16,30761745,30776307
PHLPP2,16,71637835,71724701
SEZ6L2,16,29871159,29899550
CDR2,16,22345936,22437165
TBX6,16,30085793,30091924
SMG1,16,18804860,18926408
SEPTIN1,16,30378135,30395991
IL34,16,70579895,70660682
TLCD3B,16,30024427,30052978
ZNF747,16,30530367,30535347
TMEM219,16,29940885,29973050
KNOP1,16,19701937,19718235
CCP110,16,19523811,19553408
GPRC5B,16,19856691,19886167
IQCK,16,19716456,19858467
RANBP10,16,67723070,67806560
EDC4,16,67873052,67884499
CORO1A,16,30182827,30189076
NPIPB3,16,21402237,21448567
STUB1,16,680224,682870
NPIPB13,16,30222897,30255268
PLCG2,16,81779279,81962685
KCTD13,16,29905012,29926236
ACD,16,67657512,67660810
PRSS53,16,31083437,31089628
USP7,16,8892097,8975328
ECI1,16,2239402,2252300
SMG1P5,16,30267553,30335054
NTAN1,16,15037854,15056079
NPIPB12,16,29483534,29506408
NOL3,16,67170154,67175737
SETD1A,16,30957294,30984664
TRIM72,16,31214119,31231537
CBLN1,16,49277917,49281838
CALB2,16,71358713,71390436
ZNF830,17,34961540,34963777
LIG3,17,34980512,35009743
PSMD3,17,39980807,39997959
BECN1,17,42810134,42833350
CNTD1,17,42798800,42811587
LINC02210-CRHR1,17,45620344,45835826
TOM1L1,17,54899387,54961956
TOB1,17,50862223,50867978
ATP5MC1,17,48892765,48895871
AARSD1,17,42950526,42964498
PTGES3L-AARSD1,17,42950526,42980528
SAT2,17,7626234,7627876
ATP1B2,17,7646627,7657770
TLCD2,17,1702816,1710377
SERPINF2,17,1742836,1755265
SPPL2C,17,45844881,45847067
STH,17,45999250,45999694
SLC35B1,17,49700934,49709014
MED9,17,17476994,17493221
CNTROB,17,7932101,7949920
GUCY2D,17,8002615,8020342
PFAS,17,8247618,8270491
CYGB,17,76527356,76551175
CCDC43,17,44673069,44689779
NEURL4,17,7315628,7329393
NSFP1,17,46372855,46487141
RECQL5,17,75626845,75667189
SNX11,17,48103357,48123601
RAPGEFL1,17,40177010,40195656
ZNF652,17,49289206,49362473
WDR81,17,1716523,1738599
CYB561,17,63432304,63446354
ACE,17,63477061,63498380
KPNB1,17,47649476,47685505
DDX5,17,64498254,64508199
PLCD3,17,45108959,45133354
NMT1,17,44957992,45109016
GRB2,17,75318076,75405709
MYBBP1A,17,4538897,4555386
CHRNE,17,4897771,4934438
TUBG2,17,42659284,42667006
TMUB2,17,44186970,44191929
CNTNAP1,17,42682531,42699993
EZH1,17,42700275,42745049
RAMP2,17,42758447,42763041
VPS25,17,42773449,42779599
KANSL1,17,46029916,46225389
YWHAE,17,1344275,1400222
PPP1R9B,17,50133737,50150677
FAM171A2,17,44353215,44363853
ITGA2B,17,44372180,44389649
MRPL58,17,75012670,75021261
OR1E1,17,3397104,3398410
DLG4,17,7187187,7219841
ACADVL,17,7217125,7225266
DVL2,17,7225342,7234517
GABARAP,17,7240008,7242449
CTDNEP1,17,7243591,7252491
CLDN7,17,7259903,7263983
SLC2A4,17,7281718,7288257
SEPTIN4,17,58520250,58544368
KCNAB3,17,7921859,7929856
OMG,17,31272013,31297539
DHX58,17,42101404,42112714
SPAG9,17,50962174,51120868
SCARF1,17,1633858,1645744
COG1,17,73193055,73208507
DNAH2,17,7717744,7833742
ELP5,17,7251416,7259940
RUNDC1,17,42980565,42995142
SLC25A11,17,4937130,4940053
SCIMP,17,5208920,5234860
ZNF232,17,5105269,5123162
MYL4,17,47200446,47223679
EFCAB13,17,47323290,47441312
EMC6,17,3668812,3669668
WNT9B,17,46833201,46886730
RPRML,17,46978156,46979253
PPM1E,17,58755854,58985179
RAD51C,17,58692573,58735611
FTSJ3,17,63819433,63830012
TSPOAP1,17,58301228,58328795
CCDC200,17,43216941,43305397
PLEKHM1,17,45435900,45490758
RABEP1,17,5282265,5386340
RPAIN,17,5419641,5432877
DHX33,17,5440917,5468982
DERL2,17,5471254,5486811
NUP88,17,5359668,5420164
DUSP3,17,43766125,43778977
CHD3,17,7884796,7912760
FMNL1,17,45221444,45247319
PRPF8,17,1650629,1684867
MIEF2,17,18260597,18266552
SMCR8,17,18315293,18328056
ARHGAP27,17,45393902,45434421
MAPT-AS1,17,45799390,45895680
MAPT,17,45894527,46028334
ZSWIM7,17,15976560,15999717
LRRC37A,17,46292733,46338077
LRRC37A4P,17,45508109,45550335
LRRC37A2,17,46511508,46556910
ETV4,17,43527844,43579620
ARL17A,17,46499780,46579695
CRHR1,17,45784277,45835828
ARL17B,17,46274784,46361766
NSF,17,46590669,46757679
WNT3,17,46762506,46833154
MMD,17,55392622,55421924
ZNF18,17,11977439,11997475
GRN,17,44345246,44353106
GPATCH8,17,44395281,44503430
RND2,17,43025231,43032041
CDK12,17,39461486,39567559
NATD1,17,21238870,21253410
MYO15A,17,18108756,18179802
FLII,17,18244815,18258738
TOP3A,17,18271428,18315007
LLGL1,17,18225635,18244875
SHMT1,17,18327873,18363550
LINC02210,17,45633049,45636444
STAT3,17,42313324,42388568
XAF1,17,6755447,6775647
ANKRD12,18,9136228,9285985
GAREM1,18,32124877,32470882
SLC39A6,18,36108531,36129385
ZBTB14,18,5289019,5297053
SOCS6,18,70289045,70330199
KDSR,18,63327726,63367228
DTNA,18,34493291,34891844
ADNP2,18,80109262,80147523
ADCYAP1,18,904871,912172
LPIN2,18,2885296,3013144
ZCCHC2,18,62523025,62587709
DSG2,18,31498177,31549008
SIRPG,20,1629152,1657779
TOX2,20,43914852,44069616
SIRPB1,20,1561385,1620061
MKKS,20,10401009,10434222
SIRPA,20,1894167,1940592
ZBTB46,20,63743668,63832038
PCIF1,20,45934683,45948023
SLC12A5-AS1,20,46013500,46022073
SNX5,20,17941597,17968980
SLC24A3,20,19212642,19722926
AURKA,20,56369389,56392337
RTF2,20,56468585,56519449
CASS4,20,56412112,56460387
VPS16,20,2840703,2866732
PLCB4,20,9067825,9504593
SNRPB,20,2461634,2470853
GINS1,20,25391008,25452700
LINC00654,20,5482736,5526709
LIME1,20,63736283,63739103
SNAP25,20,10172395,10308258
TSHZ2,20,52972358,53495330
ABCA7,19,1039997,1065572
CNN2,19,1026586,1039068
PALM,19,708935,748329
INSR,19,7112255,7294414
TMEM259,19,1009648,1021179
ZNF428,19,43607224,43619629
RHPN2,19,32978592,33064888
ZNF749,19,57435325,57447101
CEP89,19,32875925,32971991
ZNF835,19,56661980,56671783
C5AR1,19,47290023,47322066
PNMA8A,19,46466491,46471563
SYMPK,19,45815410,45863194
IRF2BP1,19,45883608,45886141
MYPOP,19,45890023,45902613
CCDC61,19,45995461,46021318
NOP53,19,47745546,47757058
SIGLEC11,19,49948985,49961172
VRK3,19,49976468,50025946
WDR18,19,984332,998438
CALR3,19,16479061,16496167
ISOC2,19,55452985,55462343
GAMT,19,1397026,1401570
PGPEP1,19,18340598,18369950
LRRC25,19,18391137,18397622
SSBP4,19,18418864,18434562
ISYNA1,19,18434388,18438167
CA11,19,48637946,48646187
MAMSTR,19,48712725,48719725
SNRNP70,19,49085419,49108605
ZNF525,19,53365693,53392217
ZNF813,19,53467733,53496255
REXO1,19,1815248,1848483
MIR1909,19,1816159,1816238
KLF16,19,1852399,1863579
LSM7,19,2321520,2328611
SNRPGP15,19,14489388,14489609
MEGF8,19,42325609,42378769
PTBP1,19,797075,812327
ZNF791,19,12610918,12633840
NUMBL,19,40665905,40690972
ASF1B,19,14119512,14136613
FBXO46,19,45710629,45730896
NTN5,19,48661407,48673081
EML2,19,45606994,45645602
BRD4,19,15235519,15332545
RASIP1,19,48720585,48740610
FAM83E,19,48599961,48615076
ALKBH7,19,6372794,6375250
SPINT2,19,38244035,38292615
FUT1,19,48748011,48755390
MBOAT7,19,54173412,54189882
RPS9,19,54200809,54249003
APOE,19,44905791,44909393
REX1BD,19,18588685,18592337
ZNF69,19,11887782,11914329
DMPK,19,45769709,45782552
PNMA8C,19,46424697,46428936
SIGLEC9,19,51124906,51136651
CD33,19,51225064,51243860
LILRA5,19,54307070,54313166
MICOS13,19,5678421,5680516
NDUFA11,19,5891276,5904006
ZBTB7A,19,4043303,4066899
MAP2K2,19,4090321,4124122
KMT2B,19,35717973,35738880
ZNF576,19,43596392,43601157
MARK4,19,45079288,45305284
CHMP2A,19,58551452,58555105
UNC13A,19,17601336,17688365
ELL,19,18442663,18522116
LILRA2,19,54572920,54590287
LILRB1,19,54617158,54638022
LILRB4,19,54643889,54670359
SLC7A9,19,32830509,32869767
ATP13A1,19,19645198,19663676
OPA3,19,45527767,45602212
USF2,19,35268962,35279821
RABAC1,19,41956681,41959321
ATP1A3,19,41966582,41997497
ARHGAP35,19,46860997,47005077
TMEM160,19,47045909,47048624
CLASRP,19,45039045,45070956
PPP2R1A,19,52170936,52229518
DPP9,19,4674341,4724673
AP2A1,19,49767001,49807114
CEACAM19,19,44662278,44684359
POLR2E,19,1086574,1095380
ARHGEF1,19,41883173,41930150
FKRP,19,46746046,46776988
SAFB2,19,5586999,5624046
RFPL4A,19,55759097,55763421
ZNF526,19,42220292,42228201
RAB11B-AS1,19,8374372,8390685
FUT2,19,48695971,48705951
LENG8,19,54449190,54462016
KIR3DL1,19,54816468,54830778
DENND6B,22,50309030,50327012
TBC1D22A-AS1,22,46914092,46916042
YWHAH,22,31944522,31957603
MGAT3,22,39457012,39492194
RPS19BP1,22,39529093,39532761
SNU13,22,41673933,41690504
RTN4R,22,20241415,20283246
KLHL22,22,20441519,20495844
RPEP4,22,29608900,29609501
UQCR10,22,29767369,29770413
SIRPAP1,22,30542536,30544305
TOMM22,22,38681957,38685421
GCAT,22,37807905,37817176
CRKL,22,20917407,20953747
APOL4,22,36189124,36204840
FAM227A,22,38578118,38656629
JOSD1,22,38685543,38701556
SUN2,22,38733290,38794143
CBY1,22,38656636,38673854
UBE2L3,22,21549447,21624034
MMP11,22,23768226,23784316
ASCC2,22,29788609,29838304
CSNK1E,22,38290691,38318084
DDX17,22,38483438,38507660
RANBP1,22,20115938,20127355
CXADR,21,17513043,17593579
CYYR1-AS1,21,26393635,26569252
ETS2,21,38805183,38824955
TCP10L,21,32497967,32587373
GABPA,21,25734570,25772460
BRWD1,21,39184176,39321559
LINC00165,21,44994362,44995185
ATP5PF,21,25716503,25735673
LINC00320,21,20651450,20803816
APP,21,25880535,26171128
