"SYMBOL","ENSEMBL","GENENAME"
"A2M","ENSG00000175899","alpha-2-macroglobulin"
"AACS","ENSG00000081760","acetoacetyl-CoA synthetase"
"AARSD1","ENSG00000266967","alanyl-tRNA synthetase domain containing 1"
"ABCA1","ENSG00000165029","ATP binding cassette subfamily A member 1"
"ABCA11P","ENSG00000251595","ATP binding cassette subfamily A member 11, pseudogene"
"ABCA7","ENSG00000064687","ATP binding cassette subfamily A member 7"
"ABCF3","ENSG00000161204","ATP binding cassette subfamily F member 3"
"ABHD17C","ENSG00000136379","abhydrolase domain containing 17C, depalmitoylase"
"AC003688.1","ENSG00000262302",NA
"AC004687.2",NA,NA
"AC005670.2","ENSG00000262633",NA
"AC009961.1","ENSG00000226266",NA
"AC011511.4","ENSG00000267303",NA
"AC087500.1","ENSG00000261879",NA
"AC108010.1","ENSG00000242588",NA
"AC113554.1","ENSG00000264813",NA
"AC120057.2","ENSG00000262526",NA
"AC135050.2","ENSG00000255439",NA
"ACADVL","ENSG00000072778","acyl-CoA dehydrogenase very long chain"
"ACD","ENSG00000102977","ACD shelterin complex subunit and telomerase recruitment factor"
"ACE","ENSG00000159640","angiotensin I converting enzyme"
"ACMSD","ENSG00000153086","aminocarboxymuconate semialdehyde decarboxylase"
"ACP2","ENSG00000134575","acid phosphatase 2, lysosomal"
"ACTL6B","ENSG00000077080","actin like 6B"
"ADAM10","ENSG00000137845","ADAM metallopeptidase domain 10"
"ADAM17","ENSG00000151694","ADAM metallopeptidase domain 17"
"ADAMTS4","ENSG00000158859","ADAM metallopeptidase with thrombospondin type 1 motif 4"
"AL022318.4","ENSG00000284554",NA
"AL049569.3","ENSG00000288636",NA
"AL049634.2","ENSG00000260861",NA
"ALG3","ENSG00000214160","ALG3 alpha-1,3- mannosyltransferase"
"ALKBH7","ENSG00000125652","alkB homolog 7"
"AMBRA1","ENSG00000110497","autophagy and beclin 1 regulator 1"
"ANK3","ENSG00000151150","ankyrin 3"
"ANKRD46","ENSG00000186106","ankyrin repeat domain 46"
"ANXA11","ENSG00000122359","annexin A11"
"AP000295.1","ENSG00000159110",NA
"AP000769.1","ENSG00000173727",NA
"AP4M1","ENSG00000221838","adaptor related protein complex 4 subunit mu 1"
"APH1B","ENSG00000138613","aph-1B gamma-secretase subunit"
"APOE","ENSG00000130203","apolipoprotein E"
"APP","ENSG00000142192","amyloid beta precursor protein"
"ARHGAP1","ENSG00000175220","Rho GTPase activating protein 1"
"ARHGAP27","ENSG00000159314","Rho GTPase activating protein 27"
"ARHGAP35","ENSG00000160007","Rho GTPase activating protein 35"
"ARHGEF1","ENSG00000076928","Rho guanine nucleotide exchange factor 1"
"ARL17A","ENSG00000185829","ARF like GTPase 17A"
"ARL17B","ENSG00000228696","ARF like GTPase 17B"
"ASAP2","ENSG00000151693","ArfGAP with SH3 domain, ankyrin repeat and PH domain 2"
"ASAP3","ENSG00000088280","ArfGAP with SH3 domain, ankyrin repeat and PH domain 3"
"ASCC2","ENSG00000100325","activating signal cointegrator 1 complex subunit 2"
"ASF1B","ENSG00000105011","anti-silencing function 1B histone chaperone"
"ASPHD1","ENSG00000174939","aspartate beta-hydroxylase domain containing 1"
"ATP13A1","ENSG00000105726","ATPase 13A1"
"ATP1A3","ENSG00000105409","ATPase Na+/K+ transporting subunit alpha 3"
"ATP1B2","ENSG00000129244","ATPase Na+/K+ transporting subunit beta 2"
"ATP5PF","ENSG00000154723","ATP synthase peripheral stalk subunit F6"
"ATP8B4","ENSG00000104043","ATPase phospholipid transporting 8B4 (putative)"
"AURKA","ENSG00000087586","aurora kinase A"
"AZGP1","ENSG00000160862","alpha-2-glycoprotein 1, zinc-binding"
"BAZ2B","ENSG00000123636","bromodomain adjacent to zinc finger domain 2B"
"BCKDK","ENSG00000103507","branched chain keto acid dehydrogenase kinase"
"BCL2A1","ENSG00000140379","BCL2 related protein A1"
"BCL7C","ENSG00000099385","BAF chromatin remodeling complex subunit BCL7C"
"BCO1","ENSG00000135697","beta-carotene oxygenase 1"
"BECN1","ENSG00000126581","beclin 1"
"BIN1","ENSG00000136717","bridging integrator 1"
"BLID","ENSG00000259571","BH3-like motif containing, cell death inducer"
"BLNK","ENSG00000095585","B cell linker"
"BRWD1","ENSG00000185658","bromodomain and WD repeat domain containing 1"
"BUB3","ENSG00000154473","BUB3 mitotic checkpoint protein"
"C1QTNF4","ENSG00000172247","C1q and TNF related 4"
"C1R","ENSG00000159403","complement C1r"
"C1S","ENSG00000182326","complement C1s"
"C20orf27","ENSG00000101220",NA
"C5AR1","ENSG00000197405","complement C5a receptor 1"
"CA11","ENSG00000063180","carbonic anhydrase 11"
"CALR3","ENSG00000269058","calreticulin 3"
"CAMK2G","ENSG00000148660","calcium/calmodulin dependent protein kinase II gamma"
"CAPN1","ENSG00000014216","calpain 1"
"CARF","ENSG00000138380","calcium responsive transcription factor"
"CASS4","ENSG00000087589","Cas scaffold protein family member 4"
"CASTOR3","ENSG00000239521",NA
"CBY1","ENSG00000100211","chibby 1, beta catenin antagonist"
"CCDC144B","ENSG00000154874",NA
"CCDC189","ENSG00000196118",NA
"CCDC200","ENSG00000236383","coiled-coil domain containing 200"
"CCDC43","ENSG00000180329","coiled-coil domain containing 43"
"CCDC6","ENSG00000108091","coiled-coil domain containing 6"
"CCDC61","ENSG00000104983","coiled-coil domain containing 61"
"CCDC81","ENSG00000149201","coiled-coil domain containing 81"
"CCND3","ENSG00000112576","cyclin D3"
"CCNH","ENSG00000134480","cyclin H"
"CCNT2","ENSG00000082258","cyclin T2"
"CCP110","ENSG00000103540","centriolar coiled-coil protein 110"
"CD2AP","ENSG00000198087","CD2 associated protein"
"CD302","ENSG00000241399","CD302 molecule"
"CD33","ENSG00000105383","CD33 molecule"
"CD55","ENSG00000196352","CD55 molecule (Cromer blood group)"
"CDR2","ENSG00000140743","cerebellar degeneration related protein 2"
"CEACAM19","ENSG00000186567","CEA cell adhesion molecule 19"
"CEBPZ","ENSG00000115816","CCAAT enhancer binding protein zeta"
"CEBPZOS","ENSG00000218739","CEBPZ opposite strand"
"CELF1","ENSG00000149187","CUGBP Elav-like family member 1"
"CENPBD1","ENSG00000177946",NA
"CEP89","ENSG00000121289","centrosomal protein 89"
"CERS5","ENSG00000139624","ceramide synthase 5"
"CFL1","ENSG00000172757","cofilin 1"
"CHD3","ENSG00000170004","chromodomain helicase DNA binding protein 3"
"CHRNA2","ENSG00000120903","cholinergic receptor nicotinic alpha 2 subunit"
"CHRNE","ENSG00000108556","cholinergic receptor nicotinic epsilon subunit"
"CISD1","ENSG00000122873","CDGSH iron sulfur domain 1"
"CLASRP","ENSG00000104859","CLK4 associating serine/arginine rich protein"
"CLDN7","ENSG00000181885","claudin 7"
"CLU","ENSG00000120885","clusterin"
"CNN2","ENSG00000064666","calponin 2"
"CNPY4","ENSG00000166997","canopy FGF signaling regulator 4"
"CNTD1","ENSG00000176563","cyclin N-terminal domain containing 1"
"CNTNAP1","ENSG00000108797","contactin associated protein 1"
"CNTROB","ENSG00000170037","centrobin, centriole duplication and spindle assembly protein"
"COG7","ENSG00000168434","component of oligomeric golgi complex 7"
"COL5A2","ENSG00000204262","collagen type V alpha 2 chain"
"COPG2","ENSG00000158623","coat protein complex I subunit gamma 2"
"CORO1A","ENSG00000102879","coronin 1A"
"COX7C","ENSG00000127184","cytochrome c oxidase subunit 7C"
"CPQ","ENSG00000104324","carboxypeptidase Q"
"CR1","ENSG00000203710","complement C3b/C4b receptor 1 (Knops blood group)"
"CR2","ENSG00000117322","complement C3d receptor 2"
"CRHR1","ENSG00000120088","corticotropin releasing hormone receptor 1"
"CTDNEP1","ENSG00000175826","CTD nuclear envelope phosphatase 1"
"CTSB","ENSG00000164733","cathepsin B"
"CTSF","ENSG00000174080","cathepsin F"
"CTSH","ENSG00000103811","cathepsin H"
"CTSW","ENSG00000172543","cathepsin W"
"CYB561","ENSG00000008283","cytochrome b561"
"CYFIP2","ENSG00000055163","cytoplasmic FMR1 interacting protein 2"
"CYSTM1","ENSG00000120306","cysteine rich transmembrane module containing 1"
"DBNDD1","ENSG00000003249","dysbindin domain containing 1"
"DCTN5","ENSG00000166847","dynactin subunit 5"
"DDHD1","ENSG00000100523","DDHD domain containing 1"
"DDX17","ENSG00000100201","DEAD-box helicase 17"
"DERL2","ENSG00000072849","derlin 2"
"DGKQ","ENSG00000145214","diacylglycerol kinase theta"
"DGKZ","ENSG00000149091","diacylglycerol kinase zeta"
"DHX33","ENSG00000005100","DEAH-box helicase 33"
"DHX58","ENSG00000108771","DExH-box helicase 58"
"DLG4","ENSG00000132535","discs large MAGUK scaffold protein 4"
"DMPK","ENSG00000104936","DM1 protein kinase"
"DNAAF1","ENSG00000154099","dynein axonemal assembly factor 1"
"DNAH2","ENSG00000183914","dynein axonemal heavy chain 2"
"DOC2A","ENSG00000149927","double C2 domain alpha"
"DOK3","ENSG00000146094","docking protein 3"
"DPP9","ENSG00000142002","dipeptidyl peptidase 9"
"DSG2","ENSG00000046604","desmoglein 2"
"DTWD1","ENSG00000104047","DTW motif tRNA-uridine aminocarboxypropyltransferase 1"
"DUSP3","ENSG00000108861","dual specificity phosphatase 3"
"DVL2","ENSG00000004975","dishevelled segment polarity protein 2"
"DYDC2","ENSG00000133665","DPY30 domain containing 2"
"EARS2","ENSG00000103356","glutamyl-tRNA synthetase 2, mitochondrial"
"ECE2","ENSG00000145194","endothelin converting enzyme 2"
"EED","ENSG00000074266","embryonic ectoderm development"
"EEF1AKMT4-ECE2","ENSG00000284917","EEF1AKMT4-ECE2 readthrough"
"EEF1G","ENSG00000254772","eukaryotic translation elongation factor 1 gamma"
"EFCAB13","ENSG00000178852","EF-hand calcium binding domain 13"
"EGFR","ENSG00000146648","epidermal growth factor receptor"
"EGLN1","ENSG00000135766","egl-9 family hypoxia inducible factor 1"
"EIF2B5","ENSG00000145191","eukaryotic translation initiation factor 2B subunit epsilon"
"EIF4G1","ENSG00000114867","eukaryotic translation initiation factor 4 gamma 1"
"ELL","ENSG00000105656","elongation factor for RNA polymerase II"
"ELP5","ENSG00000170291","elongator acetyltransferase complex subunit 5"
"EMG1","ENSG00000126749","EMG1 N1-specific pseudouridine methyltransferase"
"EML2","ENSG00000125746","EMAP like 2"
"ENAH","ENSG00000154380","ENAH actin regulator"
"EPHA1","ENSG00000146904","EPH receptor A1"
"EPHX2","ENSG00000120915","epoxide hydrolase 2"
"ETS2","ENSG00000157557","ETS proto-oncogene 2, transcription factor"
"EXOSC6","ENSG00000223496","exosome component 6"
"EXT1","ENSG00000182197","exostosin glycosyltransferase 1"
"EZH1","ENSG00000108799","enhancer of zeste 1 polycomb repressive complex 2 subunit"
"F12","ENSG00000131187","coagulation factor XII"
"FAM111A","ENSG00000166801","FAM111 trypsin like peptidase A"
"FAM117B","ENSG00000138439","family with sequence similarity 117 member B"
"FAM131B","ENSG00000159784","family with sequence similarity 131 member B"
"FAM153A","ENSG00000170074","family with sequence similarity 153 member A"
"FAM160B2","ENSG00000158863",NA
"FAM171A2","ENSG00000161682","family with sequence similarity 171 member A2"
"FAM180B","ENSG00000196666","family with sequence similarity 180 member B"
"FAM227A","ENSG00000184949","family with sequence similarity 227 member A"
"FAM227B","ENSG00000166262","family with sequence similarity 227 member B"
"FAM66D","ENSG00000255052","family with sequence similarity 66 member D"
"FAM83E","ENSG00000105523","family with sequence similarity 83 member E"
"FBXO46","ENSG00000177051","F-box protein 46"
"FCER1G","ENSG00000158869","Fc epsilon receptor Ig"
"FCRLB","ENSG00000162746","Fc receptor like B"
"FERMT2","ENSG00000073712","FERM domain containing kindlin 2"
"FGFRL1","ENSG00000127418","fibroblast growth factor receptor like 1"
"FIBP","ENSG00000172500","FGF1 intracellular binding protein"
"FKRP","ENSG00000181027","fukutin related protein"
"FLII","ENSG00000177731","FLII actin remodeling protein"
"FLNB","ENSG00000136068","filamin B"
"FMNL1","ENSG00000184922","formin like 1"
"FMNL3","ENSG00000161791","formin like 3"
"FNBP4","ENSG00000109920","formin binding protein 4"
"FNDC3A","ENSG00000102531","fibronectin type III domain containing 3A"
"FTSJ3","ENSG00000108592","FtsJ RNA 2'-O-methyltransferase 3"
"FUT1","ENSG00000174951","fucosyltransferase 1 (H blood group)"
"FUT2","ENSG00000176920","fucosyltransferase 2 (H blood group)"
"GABARAP","ENSG00000170296","GABA type A receptor-associated protein"
"GABPA","ENSG00000154727","GA binding protein transcription factor subunit alpha"
"GALNT6","ENSG00000139629","polypeptide N-acetylgalactosaminyltransferase 6"
"GAMT","ENSG00000130005","guanidinoacetate N-methyltransferase"
"GAREM1","ENSG00000141441","GRB2 associated regulator of MAPK1 subtype 1"
"GCAT","ENSG00000100116","glycine C-acetyltransferase"
"GDPD3","ENSG00000102886","glycerophosphodiester phosphodiesterase domain containing 3"
"GGA2","ENSG00000103365","golgi associated, gamma adaptin ear containing, ARF binding protein 2"
"GLDN","ENSG00000186417","gliomedin"
"GPATCH8","ENSG00000186566","G-patch domain containing 8"
"GPC2","ENSG00000213420","glypican 2"
"GPIHBP1","ENSG00000277494","glycosylphosphatidylinositol anchored high density lipoprotein binding protein 1"
"GPR149","ENSG00000174948","G protein-coupled receptor 149"
"GPRC5B","ENSG00000167191","G protein-coupled receptor class C group 5 member B"
"GRID2IP","ENSG00000215045","Grid2 interacting protein"
"GRN","ENSG00000030582","granulin precursor"
"GSDMD","ENSG00000104518","gasdermin D"
"GTF2H3","ENSG00000111358","general transcription factor IIH subunit 3"
"GUCY2D","ENSG00000132518","guanylate cyclase 2D, retinal"
"HAVCR1","ENSG00000113249","hepatitis A virus cellular receptor 1"
"HAVCR2","ENSG00000135077","hepatitis A virus cellular receptor 2"
"HDAC2-AS2","ENSG00000228624","HDAC2 and HS3ST5 antisense RNA 2"
"HGFAC","ENSG00000109758","HGF activator"
"HIBADH","ENSG00000106049","3-hydroxyisobutyrate dehydrogenase"
"HIRIP3","ENSG00000149929","HIRA interacting protein 3"
"HMGCL","ENSG00000117305","3-hydroxy-3-methylglutaryl-CoA lyase"
"HS3ST5","ENSG00000249853","heparan sulfate-glucosamine 3-sulfotransferase 5"
"HSD3B7","ENSG00000099377","hydroxy-delta-5-steroid dehydrogenase, 3 beta- and steroid delta-isomerase 7"
"HSPA5","ENSG00000044574","heat shock protein family A (Hsp70) member 5"
"HTRA1","ENSG00000166033","HtrA serine peptidase 1"
"IAH1","ENSG00000134330","isoamyl acetate hydrolyzing esterase 1 (putative)"
"ICA1L","ENSG00000163596","islet cell autoantigen 1 like"
"IDUA","ENSG00000127415","alpha-L-iduronidase"
"IGF2R","ENSG00000197081","insulin like growth factor 2 receptor"
"IGHV6-1","ENSG00000211933","immunoglobulin heavy variable 6-1"
"IL34","ENSG00000157368","interleukin 34"
"INAVA","ENSG00000163362","innate immunity activator"
"INO80E","ENSG00000169592","INO80 complex subunit E"
"INPP5D","ENSG00000168918","inositol polyphosphate-5-phosphatase D"
"INTS1","ENSG00000164880","integrator complex subunit 1"
"INTS8","ENSG00000164941","integrator complex subunit 8"
"IPMK","ENSG00000151151","inositol polyphosphate multikinase"
"IQCD","ENSG00000166578",NA
"IQCK","ENSG00000174628","IQ motif containing K"
"IRF2BP1","ENSG00000170604","interferon regulatory factor 2 binding protein 1"
"ISOC2","ENSG00000063241","isochorismatase domain containing 2"
"ISYNA1","ENSG00000105655","inositol-3-phosphate synthase 1"
"ITGA2B","ENSG00000005961","integrin subunit alpha 2b"
"ITGAM","ENSG00000169896","integrin subunit alpha M"
"ITGB1BP1","ENSG00000119185","integrin subunit beta 1 binding protein 1"
"JAZF1","ENSG00000153814","JAZF zinc finger 1"
"JOSD1","ENSG00000100221","Josephin domain containing 1"
"KANSL1","ENSG00000120071","KAT8 regulatory NSL complex subunit 1"
"KAT5","ENSG00000172977","lysine acetyltransferase 5"
"KAT8","ENSG00000103510","lysine acetyltransferase 8"
"KBTBD4","ENSG00000123444","kelch repeat and BTB domain containing 4"
"KCNAB3","ENSG00000170049","potassium voltage-gated channel subfamily A regulatory beta subunit 3"
"KCTD13","ENSG00000174943","potassium channel tetramerization domain containing 13"
"KDSR","ENSG00000119537","3-ketodihydrosphingosine reductase"
"KIAA2012","ENSG00000182329","KIAA2012"
"KIF21B","ENSG00000116852","kinesin family member 21B"
"KIR3DL1","ENSG00000167633","killer cell immunoglobulin like receptor, three Ig domains and long cytoplasmic tail 1"
"KLF16","ENSG00000129911","KLF transcription factor 16"
"KLHDC9","ENSG00000162755","kelch domain containing 9"
"KNOP1","ENSG00000103550","lysine rich nucleolar protein 1"
"KPNB1","ENSG00000108424","karyopherin subunit beta 1"
"LAMC1","ENSG00000135862","laminin subunit gamma 1"
"LDHAL6A","ENSG00000166800","lactate dehydrogenase A like 6A"
"LDHC","ENSG00000166796","lactate dehydrogenase C"
"LILRA2","ENSG00000239998","leukocyte immunoglobulin like receptor A2"
"LILRA5","ENSG00000187116","leukocyte immunoglobulin like receptor A5"
"LILRB1","ENSG00000104972","leukocyte immunoglobulin like receptor B1"
"LILRB4","ENSG00000186818","leukocyte immunoglobulin like receptor B4"
"LINC02210","ENSG00000204650","long intergenic non-protein coding RNA 2210"
"LINC02210-CRHR1","ENSG00000263715","LINC02210-CRHR1 readthrough"
"LLGL1","ENSG00000131899","LLGL scribble cell polarity complex component 1"
"LRRC25","ENSG00000175489","leucine rich repeat containing 25"
"LRRC37A","ENSG00000176681","leucine rich repeat containing 37A"
"LRRC37A2","ENSG00000238083","leucine rich repeat containing 37 member A2"
"LRRC37A4P","ENSG00000214425","leucine rich repeat containing 37 member A4, pseudogene"
"LZTS1","ENSG00000061337","leucine zipper tumor suppressor 1"
"MADD","ENSG00000110514","MAP kinase activating death domain"
"MAF","ENSG00000178573","MAF bZIP transcription factor"
"MAFK","ENSG00000198517","MAF bZIP transcription factor K"
"MALAT1","ENSG00000251562","metastasis associated lung adenocarcinoma transcript 1"
"MAMSTR","ENSG00000176909","MEF2 activating motif and SAP domain containing transcriptional regulator"
"MAPK13","ENSG00000156711","mitogen-activated protein kinase 13"
"MAPK3","ENSG00000102882","mitogen-activated protein kinase 3"
"MAPK9","ENSG00000050748","mitogen-activated protein kinase 9"
"MAPKAPK5","ENSG00000089022","MAPK activated protein kinase 5"
"MAPT","ENSG00000186868","microtubule associated protein tau"
"MARCHF7","ENSG00000136536","membrane associated ring-CH-type finger 7"
"MARCKS","ENSG00000277443","myristoylated alanine rich protein kinase C substrate"
"MARK4","ENSG00000007047","microtubule affinity regulating kinase 4"
"MAT1A","ENSG00000151224","methionine adenosyltransferase 1A"
"MBOAT7","ENSG00000125505","membrane bound acylglycerophosphatidylinositol O-acyltransferase MBOAT7"
"MEGF8","ENSG00000105429","multiple EGF like domains 8"
"MGAT3","ENSG00000128268","beta-1,4-mannosyl-glycoprotein 4-beta-N-acetylglucosaminyltransferase"
"MICALL2","ENSG00000164877","MICAL like 2"
"MIEF2","ENSG00000177427","mitochondrial elongation factor 2"
"MINDY2","ENSG00000128923","MINDY lysine 48 deubiquitinase 2"
"MIR1909","ENSG00000284216","microRNA 1909"
"MKKS","ENSG00000125863","MKKS centrosomal shuttling protein"
"MORF4L1","ENSG00000185787","mortality factor 4 like 1"
"MRPS33","ENSG00000090263","mitochondrial ribosomal protein S33"
"MS4A4A","ENSG00000110079","membrane spanning 4-domains A4A"
"MS4A4E","ENSG00000214787","membrane spanning 4-domains A4E"
"MS4A6A","ENSG00000110077","membrane spanning 4-domains A6A"
"MTCH2","ENSG00000109919","mitochondrial carrier 2"
"MYBPC3","ENSG00000134571","myosin binding protein C3"
"MYL4","ENSG00000198336","myosin light chain 4"
"MYL5","ENSG00000215375","myosin light chain 5"
"MYO15A","ENSG00000091536","myosin XVA"
"MYO7B","ENSG00000169994","myosin VIIB"
"MYPOP","ENSG00000176182","Myb related transcription factor, partner of profilin"
"NAPRT","ENSG00000147813","nicotinate phosphoribosyltransferase"
"NBEAL1","ENSG00000144426","neurobeachin like 1"
"NCK2","ENSG00000071051","NCK adaptor protein 2"
"NDUFA11","ENSG00000174886","NADH:ubiquinone oxidoreductase subunit A11"
"NDUFAF6","ENSG00000156170","NADH:ubiquinone oxidoreductase complex assembly factor 6"
"NDUFAF7","ENSG00000003509","NADH:ubiquinone oxidoreductase complex assembly factor 7"
"NDUFS2","ENSG00000158864","NADH:ubiquinone oxidoreductase core subunit S2"
"NDUFS3","ENSG00000213619","NADH:ubiquinone oxidoreductase core subunit S3"
"NEURL4","ENSG00000215041","neuralized E3 ubiquitin protein ligase 4"
"NFYA","ENSG00000001167","nuclear transcription factor Y subunit alpha"
"NGEF","ENSG00000066248","neuronal guanine nucleotide exchange factor"
"NIPAL3","ENSG00000001461","NIPA like domain containing 3"
"NMT1","ENSG00000136448","N-myristoyltransferase 1"
"NOL3","ENSG00000140939","nucleolar protein 3"
"NOP53","ENSG00000105373","NOP53 ribosome biogenesis factor"
"NPIPB12","ENSG00000169203","nuclear pore complex interacting protein family member B12"
"NPIPB13","ENSG00000198064","nuclear pore complex interacting protein family, member B13"
"NPIPB3","ENSG00000283738","nuclear pore complex interacting protein family member B3"
"NR1H3","ENSG00000025434","nuclear receptor subfamily 1 group H member 3"
"NRF1","ENSG00000106459","nuclear respiratory factor 1"
"NSF","ENSG00000073969","N-ethylmaleimide sensitive factor, vesicle fusing ATPase"
"NSFP1","ENSG00000260075","N-ethylmaleimide-sensitive factor pseudogene 1"
"NTN5","ENSG00000142233","netrin 5"
"NUDT14","ENSG00000183828","nudix hydrolase 14"
"NUP160","ENSG00000030066","nucleoporin 160"
"NUP88","ENSG00000108559","nucleoporin 88"
"OARD1","ENSG00000124596","O-acyl-ADP-ribose deacylase 1"
"OMG","ENSG00000126861","oligodendrocyte myelin glycoprotein"
"OPA3","ENSG00000125741","outer mitochondrial membrane lipid metabolism regulator OPA3"
"OR1E1","ENSG00000180016","olfactory receptor family 1 subfamily E member 1"
"OR6P1","ENSG00000186440","olfactory receptor family 6 subfamily P member 1"
"OTULIN","ENSG00000154124","OTU deubiquitinase with linear linkage specificity"
"PABPC1","ENSG00000070756","poly(A) binding protein cytoplasmic 1"
"PACS2","ENSG00000179364","phosphofurin acidic cluster sorting protein 2"
"PALM","ENSG00000099864","paralemmin"
"PCDHB4","ENSG00000081818","protocadherin beta 4"
"PCDHB9","ENSG00000177839","protocadherin beta 9"
"PCP4L1","ENSG00000248485","Purkinje cell protein 4 like 1"
"PDPR","ENSG00000090857","pyruvate dehydrogenase phosphatase regulatory subunit"
"PFAS","ENSG00000178921","phosphoribosylformylglycinamidine synthase"
"PFKFB2","ENSG00000123836","6-phosphofructo-2-kinase/fructose-2,6-biphosphatase 2"
"PHB","ENSG00000167085",NA
"PHLPP2","ENSG00000040199","PH domain and leucine rich repeat protein phosphatase 2"
"PICALM","ENSG00000073921","phosphatidylinositol binding clathrin assembly protein"
"PILRA","ENSG00000085514","paired immunoglobin like type 2 receptor alpha"
"PILRB","ENSG00000121716","paired immunoglobin like type 2 receptor beta"
"PITPNM2","ENSG00000090975","phosphatidylinositol transfer protein membrane associated 2"
"PLA2G15","ENSG00000103066","phospholipase A2 group XV"
"PLBD2","ENSG00000151176","phospholipase B domain containing 2"
"PLCD3","ENSG00000161714","phospholipase C delta 3"
"PLCG2","ENSG00000197943","phospholipase C gamma 2"
"PLEC","ENSG00000178209","plectin"
"PLEKHA1","ENSG00000107679","pleckstrin homology domain containing A1"
"PLEKHM1","ENSG00000225190","pleckstrin homology and RUN domain containing M1"
"PLK1","ENSG00000166851","polo like kinase 1"
"PNMA8A","ENSG00000182013","PNMA family member 8A"
"PNMA8C","ENSG00000277531","PNMA family member 8C"
"PNRC2","ENSG00000189266","proline rich nuclear receptor coactivator 2"
"POLR2E","ENSG00000099817","RNA polymerase II, I and III subunit E"
"POLR3B","ENSG00000013503","RNA polymerase III subunit B"
"PPM1E","ENSG00000175175","protein phosphatase, Mg2+/Mn2+ dependent 1E"
"PPP4C","ENSG00000149923","protein phosphatase 4 catalytic subunit"
"PRKD3","ENSG00000115825","protein kinase D3"
"PRKRIP1","ENSG00000128563","PRKR interacting protein 1"
"PRPF8","ENSG00000174231","pre-mRNA processing factor 8"
"PRSS23","ENSG00000150687","serine protease 23"
"PRSS36","ENSG00000178226","serine protease 36"
"PRSS53","ENSG00000151006","serine protease 53"
"PRSS8","ENSG00000052344","serine protease 8"
"PSMC3","ENSG00000165916","proteasome 26S subunit, ATPase 3"
"PSMD3","ENSG00000108344","proteasome 26S subunit, non-ATPase 3"
"PTBP1","ENSG00000011304","polypyrimidine tract binding protein 1"
"PTGES3L-AARSD1","ENSG00000108825","PTGES3L-AARSD1 readthrough"
"PTK2B","ENSG00000120899","protein tyrosine kinase 2 beta"
"PTPMT1","ENSG00000110536","protein tyrosine phosphatase mitochondrial 1"
"PTPN11","ENSG00000179295","protein tyrosine phosphatase non-receptor type 11"
"PTPRJ","ENSG00000149177","protein tyrosine phosphatase receptor type J"
"PVRIG","ENSG00000213413","PVR related immunoglobulin domain containing"
"PYCARD","ENSG00000103490","PYD and CARD domain containing"
"QPCT","ENSG00000115828","glutaminyl-peptide cyclotransferase"
"RABAC1","ENSG00000105404","Rab acceptor 1"
"RABEP1","ENSG00000029725","rabaptin, RAB GTPase binding effector protein 1"
"RAD51C","ENSG00000108384","RAD51 paralog C"
"RAMP2","ENSG00000131477","receptor activity modifying protein 2"
"RANBP10","ENSG00000141084","RAN binding protein 10"
"RASA1","ENSG00000145715","RAS p21 protein activator 1"
"RASAL1","ENSG00000111344","RAS protein activator like 1"
"RASAL2","ENSG00000075391","RAS protein activator like 2"
"RASGEF1C","ENSG00000146090","RasGEF domain family member 1C"
"RASGRF1","ENSG00000058335","Ras protein specific guanine nucleotide releasing factor 1"
"RASIP1","ENSG00000105538","Ras interacting protein 1"
"RCOR1","ENSG00000089902","REST corepressor 1"
"RECQL5","ENSG00000108469","RecQ like helicase 5"
"REX1BD","ENSG00000006015","required for excision 1-B domain containing"
"REXO1","ENSG00000079313","RNA exonuclease 1 homolog"
"RFPL4A","ENSG00000223638","ret finger protein like 4A"
"RHOH","ENSG00000168421","ras homolog family member H"
"RHPN2","ENSG00000131941","rhophilin Rho GTPase binding protein 2"
"RIN3","ENSG00000100599","Ras and Rab interactor 3"
"RITA1","ENSG00000139405","RBPJ interacting and tubulin associated 1"
"RNASEH2C","ENSG00000172922","ribonuclease H2 subunit C"
"RND2","ENSG00000108830","Rho family GTPase 2"
"RNF111","ENSG00000157450","ring finger protein 111"
"RNF40","ENSG00000103549","ring finger protein 40"
"RPA3","ENSG00000106399","replication protein A3"
"RPAIN","ENSG00000129197","RPA interacting protein"
"RPRML","ENSG00000179673","reprimo like"
"RPS27L","ENSG00000185088","ribosomal protein S27 like"
"RPS9","ENSG00000170889","ribosomal protein S9"
"RTF2","ENSG00000022277","replication termination factor 2"
"RTN4RL2","ENSG00000186907","reticulon 4 receptor like 2"
"RUNDC1","ENSG00000198863","RUN domain containing 1"
"SAFB2","ENSG00000130254","scaffold attachment factor B2"
"SAT2","ENSG00000141504","spermidine/spermine N1-acetyltransferase family member 2"
"SCARA3","ENSG00000168077","scavenger receptor class A member 3"
"SCARB1","ENSG00000073060","scavenger receptor class B member 1"
"SCARF1","ENSG00000074660","scavenger receptor class F member 1"
"SCIMP","ENSG00000161929","SLP adaptor and CSK interacting membrane protein"
"SCNN1B","ENSG00000168447","sodium channel epithelial 1 subunit beta"
"SCNN1G","ENSG00000166828","sodium channel epithelial 1 subunit gamma"
"SEMA3F","ENSG00000001617","semaphorin 3F"
"SEPHS2","ENSG00000179918","selenophosphate synthetase 2"
"SEPTIN1","ENSG00000180096","septin 1"
"SEPTIN4","ENSG00000108387","septin 4"
"SERPINF2","ENSG00000167711","serpin family F member 2"
"SETD1A","ENSG00000099381","SET domain containing 1A, histone lysine methyltransferase"
"SEZ6L2","ENSG00000174938","seizure related 6 homolog like 2"
"SH2D2A","ENSG00000027869","SH2 domain containing 2A"
"SHARPIN","ENSG00000179526","SHANK associated RH domain interactor"
"SHMT1","ENSG00000176974","serine hydroxymethyltransferase 1"
"SHMT2","ENSG00000182199","serine hydroxymethyltransferase 2"
"SIGLEC11","ENSG00000161640","sialic acid binding Ig like lectin 11"
"SIGLEC9","ENSG00000129450","sialic acid binding Ig like lectin 9"
"SIRPA","ENSG00000198053","signal regulatory protein alpha"
"SIRPB1","ENSG00000101307","signal regulatory protein beta 1"
"SIRPG","ENSG00000089012","signal regulatory protein gamma"
"SLC24A4","ENSG00000140090","solute carrier family 24 member 4"
"SLC25A11","ENSG00000108528","solute carrier family 25 member 11"
"SLC26A1","ENSG00000145217","solute carrier family 26 member 1"
"SLC2A4","ENSG00000181856","solute carrier family 2 member 4"
"SLC35B1","ENSG00000121073","solute carrier family 35 member B1"
"SLC36A1","ENSG00000123643","solute carrier family 36 member 1"
"SLC37A3","ENSG00000157800","solute carrier family 37 member 3"
"SLC39A13","ENSG00000165915","solute carrier family 39 member 13"
"SLC39A6","ENSG00000141424","solute carrier family 39 member 6"
"SLC4A8","ENSG00000050438","solute carrier family 4 member 8"
"SLC7A9","ENSG00000021488","solute carrier family 7 member 9"
"SLC8B1","ENSG00000089060","solute carrier family 8 member B1"
"SMCR8","ENSG00000176994","SMCR8-C9orf72 complex subunit"
"SMG1","ENSG00000157106","SMG1 nonsense mediated mRNA decay associated PI3K related kinase"
"SMG1P5","ENSG00000183604","SMG1 pseudogene 5"
"SNRNP200","ENSG00000144028","small nuclear ribonucleoprotein U5 subunit 200"
"SNRNP70","ENSG00000104852","small nuclear ribonucleoprotein U1 subunit 70"
"SNRPB","ENSG00000125835","small nuclear ribonucleoprotein polypeptides B and B1"
"SNU13","ENSG00000100138","small nuclear ribonucleoprotein 13"
"SNX1","ENSG00000028528","sorting nexin 1"
"SNX11","ENSG00000002919","sorting nexin 11"
"SNX31","ENSG00000174226","sorting nexin 31"
"SNX32","ENSG00000172803","sorting nexin 32"
"SORBS1","ENSG00000095637","sorbin and SH3 domain containing 1"
"SORL1","ENSG00000137642","sortilin related receptor 1"
"SPAG9","ENSG00000008294","sperm associated antigen 9"
"SPEG","ENSG00000072195","striated muscle enriched protein kinase"
"SPG21","ENSG00000090487","SPG21 abhydrolase domain containing, maspardin"
"SPI1","ENSG00000066336","Spi-1 proto-oncogene"
"SPPL2A","ENSG00000138600","signal peptide peptidase like 2A"
"SPPL2C","ENSG00000185294","signal peptide peptidase like 2C"
"SRA1","ENSG00000213523","steroid receptor RNA activator 1"
"SRSF10","ENSG00000188529","serine and arginine rich splicing factor 10"
"SSBP4","ENSG00000130511","single stranded DNA binding protein 4"
"ST3GAL2","ENSG00000157350","ST3 beta-galactoside alpha-2,3-sialyltransferase 2"
"STAG3","ENSG00000066923","STAG3 cohesin complex component"
"STAG3L5P","ENSG00000242294","STAG3 cohesin complex component like 5, pseudogene"
"STH","ENSG00000256762","saitohin"
"STX4","ENSG00000103496","syntaxin 4"
"SUN2","ENSG00000100242","Sad1 and UNC84 domain containing 2"
"SVBP","ENSG00000177868","small vasohibin binding protein"
"SYMPK","ENSG00000125755","symplekin scaffold protein"
"SYTL2","ENSG00000137501","synaptotagmin like 2"
"SZT2","ENSG00000198198","SZT2 subunit of KICSTOR complex"
"TAF6","ENSG00000106290","TATA-box binding protein associated factor 6"
"TAF7","ENSG00000178913","TATA-box binding protein associated factor 7"
"TANGO6","ENSG00000103047","transport and golgi organization 6 homolog"
"TAOK2","ENSG00000149930","TAO kinase 2"
"TAS2R3","ENSG00000127362","taste 2 receptor member 3"
"TAS2R60","ENSG00000185899","taste 2 receptor member 60"
"TAX1BP1","ENSG00000106052","Tax1 binding protein 1"
"TBX6","ENSG00000149922","T-box transcription factor 6"
"TECPR2","ENSG00000196663","tectonin beta-propeller repeat containing 2"
"TFAM","ENSG00000108064","transcription factor A, mitochondrial"
"TIMD4","ENSG00000145850","T cell immunoglobulin and mucin domain containing 4"
"TLCD2","ENSG00000185561","TLC domain containing 2"
"TLCD3B","ENSG00000149926","TLC domain containing 3B"
"TMEM106B","ENSG00000106460","transmembrane protein 106B"
"TMEM109","ENSG00000110108","transmembrane protein 109"
"TMEM121","ENSG00000184986","transmembrane protein 121"
"TMEM160","ENSG00000130748","transmembrane protein 160"
"TMEM163","ENSG00000152128","transmembrane protein 163"
"TMEM178B","ENSG00000261115","transmembrane protein 178B"
"TMEM184A","ENSG00000164855","transmembrane protein 184A"
"TMEM219","ENSG00000149932","transmembrane protein 219"
"TMEM259","ENSG00000182087","transmembrane protein 259"
"TMUB2","ENSG00000168591","transmembrane and ubiquitin like domain containing 2"
"TMX2","ENSG00000213593","thioredoxin related transmembrane protein 2"
"TNIP1","ENSG00000145901","TNFAIP3 interacting protein 1"
"TOB1","ENSG00000141232","transducer of ERBB2, 1"
"TOMM22","ENSG00000100216","translocase of outer mitochondrial membrane 22"
"TOP3A","ENSG00000177302","DNA topoisomerase III alpha"
"TP53INP1","ENSG00000164938","tumor protein p53 inducible nuclear protein 1"
"TPCN1","ENSG00000186815","two pore segment channel 1"
"TPM1","ENSG00000140416","tropomyosin 1"
"TREM2","ENSG00000095970","triggering receptor expressed on myeloid cells 2"
"TREML1","ENSG00000161911","triggering receptor expressed on myeloid cells like 1"
"TREML2","ENSG00000112195","triggering receptor expressed on myeloid cells like 2"
"TRIM72","ENSG00000177238","tripartite motif containing 72"
"TRPM7","ENSG00000092439","transient receptor potential cation channel subfamily M member 7"
"TSPAN14","ENSG00000108219","tetraspanin 14"
"TSPAN33","ENSG00000158457","tetraspanin 33"
"TSPOAP1","ENSG00000005379","TSPO associated protein 1"
"TUBG2","ENSG00000037042","tubulin gamma 2"
"UBC","ENSG00000150991","ubiquitin C"
"UBFD1","ENSG00000103353","ubiquitin family domain containing 1"
"UIMC1","ENSG00000087206","ubiquitin interaction motif containing 1"
"UNC13A","ENSG00000130477","unc-13 homolog A"
"UNC5CL","ENSG00000124602","unc-5 family C-terminal like"
"USF1","ENSG00000158773","upstream transcription factor 1"
"USP6NL","ENSG00000148429","USP6 N-terminal like"
"USP8","ENSG00000138592","ubiquitin specific peptidase 8"
"VAC14","ENSG00000103043","VAC14 component of PIKFYVE complex"
"VKORC1","ENSG00000167397","vitamin K epoxide reductase complex subunit 1"
"VPS16","ENSG00000215305","VPS16 core subunit of CORVET and HOPS complexes"
"VPS25","ENSG00000131475","vacuolar protein sorting 25 homolog"
"VPS8","ENSG00000156931","VPS8 subunit of CORVET complex"
"VRK3","ENSG00000105053","VRK serine/threonine kinase 3"
"VWA5B2","ENSG00000145198","von Willebrand factor A domain containing 5B2"
"WDR12","ENSG00000138442","WD repeat domain 12"
"WDR18","ENSG00000065268","WD repeat domain 18"
"WDR81","ENSG00000167716","WD repeat domain 81"
"WNT3","ENSG00000108379","Wnt family member 3"
"WNT9B","ENSG00000158955","Wnt family member 9B"
"XAF1","ENSG00000132530","XIAP associated factor 1"
"YEATS2","ENSG00000163872","YEATS domain containing 2"
"YOD1","ENSG00000180667","YOD1 deubiquitinase"
"YPEL3","ENSG00000090238","yippee like 3"
"ZCCHC2","ENSG00000141664","zinc finger CCHC-type containing 2"
"ZKSCAN1","ENSG00000106261","zinc finger with KRAB and SCAN domains 1"
"ZNF232","ENSG00000167840","zinc finger protein 232"
"ZNF281","ENSG00000162702","zinc finger protein 281"
"ZNF395","ENSG00000186918","zinc finger protein 395"
"ZNF423","ENSG00000102935","zinc finger protein 423"
"ZNF428","ENSG00000131116","zinc finger protein 428"
"ZNF48","ENSG00000180035","zinc finger protein 48"
"ZNF576","ENSG00000124444","zinc finger protein 576"
"ZNF608","ENSG00000168916","zinc finger protein 608"
"ZNF646","ENSG00000167395","zinc finger protein 646"
"ZNF652","ENSG00000198740","zinc finger protein 652"
"ZNF668","ENSG00000167394","zinc finger protein 668"
"ZNF689","ENSG00000156853","zinc finger protein 689"
"ZNF747","ENSG00000169955","zinc finger protein 747"
"ZNF785","ENSG00000197162","zinc finger protein 785"
"ZPBP","ENSG00000042813","zona pellucida binding protein"
"ZSCAN21","ENSG00000166529","zinc finger and SCAN domain containing 21"
"ZYX","ENSG00000159840","zyxin"
